"","CoxPH","CoxLasso","SRF","p","mech","n","impute_name"
"CC",0.670091689771659,0.663575659329751,0.739854067342589,0,"MCAR",1,"CC"
"Mean",0.670091689771659,0.662623705023558,0.738041359520325,0,"MCAR",1,"Mean"
"MICE",0.670091689771659,0.663003750959545,0.738780961958769,0,"MCAR",1,"MICE"
"mForest",0.670091689771659,0.606391318669867,0.737585027278899,0,"MCAR",1,"mForest"
"CC1",0.669431060484249,0.603356760423131,0.731226567250046,0,"MCAR",2,"CC"
"Mean1",0.669431060484249,0.661889489054384,0.734489229216115,0,"MCAR",2,"Mean"
"MICE1",0.669431060484249,0.661889489054384,0.733180907331508,0,"MCAR",2,"MICE"
"mForest1",0.669431060484249,0.604463294008227,0.733497610889207,0,"MCAR",2,"mForest"
"CC2",0.666324376460499,0.662924990922489,0.737472031426285,0,"MCAR",3,"CC"
"Mean2",0.666324376460499,0.662057444581771,0.739111855981739,0,"MCAR",3,"Mean"
"MICE2",0.666324376460499,0.662755238140871,0.741040226385838,0,"MCAR",3,"MICE"
"mForest2",0.666324376460499,0.5984011579501,0.739125591066898,0,"MCAR",3,"mForest"
"CC3",0.66168253418904,0.60657812548143,0.74248099632062,0,"MCAR",4,"CC"
"Mean3",0.66168253418904,0.601560771719172,0.741871493752664,0,"MCAR",4,"Mean"
"MICE3",0.66168253418904,0.662295234996008,0.741898154762527,0,"MCAR",4,"MICE"
"mForest3",0.66168253418904,0.662295234996008,0.738426476396002,0,"MCAR",4,"mForest"
"CC4",0.668696987624999,0.660230934120989,0.743156433782361,0,"MCAR",5,"CC"
"Mean4",0.668696987624999,0.661426205431203,0.74494567055981,0,"MCAR",5,"Mean"
"MICE4",0.668696987624999,0.66194197318835,0.742888504332117,0,"MCAR",5,"MICE"
"mForest4",0.668696987624999,0.66194197318835,0.740251447013125,0,"MCAR",5,"mForest"
"CC5",0.662076000742262,0.590364454950837,0.743057539527292,0,"MCAR",6,"CC"
"Mean5",0.662076000742262,0.659973222754586,0.742010142327899,0,"MCAR",6,"Mean"
"MICE5",0.662076000742262,0.590189623663029,0.743357826999405,0,"MCAR",6,"MICE"
"mForest5",0.662076000742262,0.660532682875569,0.74319643092808,0,"MCAR",6,"mForest"
"CC6",0.670475123597252,0.664597553225325,0.756056931874096,0,"MCAR",7,"CC"
"Mean6",0.670475123597252,0.665175253976336,0.755820594133093,0,"MCAR",7,"Mean"
"MICE6",0.670475123597252,0.664597553225325,0.756880644716535,0,"MCAR",7,"MICE"
"mForest6",0.670475123597252,0.609326015227219,0.757154769622446,0,"MCAR",7,"mForest"
"CC7",0.668219286455587,0.664608550788943,0.753209167051972,0,"MCAR",8,"CC"
"Mean7",0.668219286455587,0.66395415614648,0.744654664074642,0,"MCAR",8,"Mean"
"MICE7",0.668219286455587,0.66395415614648,0.747415227868305,0,"MCAR",8,"MICE"
"mForest7",0.668219286455587,0.5985768231738,0.745075224400792,0,"MCAR",8,"mForest"
"CC8",0.659419217977862,0.662917707941205,0.742947715335775,0,"MCAR",9,"CC"
"Mean8",0.659419217977862,0.662917707941205,0.747114561741829,0,"MCAR",9,"Mean"
"MICE8",0.659419217977862,0.662917707941205,0.743965294018821,0,"MCAR",9,"MICE"
"mForest8",0.659419217977862,0.662917707941205,0.746643896092234,0,"MCAR",9,"mForest"
"CC9",0.66612482314649,0.663422701449381,0.749238300718735,0,"MCAR",10,"CC"
"Mean9",0.66612482314649,0.663422701449381,0.747774666078835,0,"MCAR",10,"Mean"
"MICE9",0.66612482314649,0.663422701449381,0.747562808310291,0,"MCAR",10,"MICE"
"mForest9",0.66612482314649,0.663422701449381,0.751301016004125,0,"MCAR",10,"mForest"
"CC10",0.659104056845833,0.60502867948286,0.743304889345498,0.2,"MCAR",1,"CC"
"Mean10",0.66671679998373,0.605627592709534,0.73065901543801,0.2,"MCAR",1,"Mean"
"MICE10",0.664351071318444,0.661457881510713,0.729916656387991,0.2,"MCAR",1,"MICE"
"mForest10",0.666459809849384,0.606164971175955,0.73290962072462,0.2,"MCAR",1,"mForest"
"CC11",0.679485840190542,0.672177519665334,0.744881910924416,0.2,"MCAR",2,"CC"
"Mean11",0.675497104103978,0.662851634582997,0.742884420404606,0.2,"MCAR",2,"Mean"
"MICE11",0.672389427979381,0.660922939498313,0.741981650364383,0.2,"MCAR",2,"MICE"
"mForest11",0.673610022294903,0.608560874963994,0.744341223133365,0.2,"MCAR",2,"mForest"
"CC12",0.652825110419878,0.667208092017395,0.7336908369075,0.2,"MCAR",3,"CC"
"Mean12",0.656205205933668,0.660656451631956,0.747868409810474,0.2,"MCAR",3,"Mean"
"MICE12",0.660116178087069,0.661253602924343,0.743347331883924,0.2,"MCAR",3,"MICE"
"mForest12",0.65310610314629,0.660804415766148,0.744972742641114,0.2,"MCAR",3,"mForest"
"CC13",0.676149669846308,0.603733053778081,0.75189631001308,0.2,"MCAR",4,"CC"
"Mean13",0.661137866460548,0.656212559293822,0.741691393095167,0.2,"MCAR",4,"Mean"
"MICE13",0.66686916801811,0.659796167499183,0.734480298714968,0.2,"MCAR",4,"MICE"
"mForest13",0.661093568148377,0.657245075050309,0.737530496757508,0.2,"MCAR",4,"mForest"
"CC14",0.67634576142462,0.667591831628558,0.750967797520089,0.2,"MCAR",5,"CC"
"Mean14",0.664341697228486,0.653567643834763,0.725894989304957,0.2,"MCAR",5,"Mean"
"MICE14",0.660523479079025,0.649826555935026,0.72115873268943,0.2,"MCAR",5,"MICE"
"mForest14",0.660289127416243,0.651719835828238,0.726807625919398,0.2,"MCAR",5,"mForest"
"CC15",0.678582393755643,0.601158436478304,0.747365645947644,0.2,"MCAR",6,"CC"
"Mean15",0.6673983556038,0.65684084835849,0.743022335818645,0.2,"MCAR",6,"Mean"
"MICE15",0.666259909905502,0.65791707775135,0.742197368204929,0.2,"MCAR",6,"MICE"
"mForest15",0.665703266640393,0.601077402871847,0.741795201653644,0.2,"MCAR",6,"mForest"
"CC16",0.678519862160238,0.604587385558766,0.754794516657688,0.2,"MCAR",7,"CC"
"Mean16",0.660729489603936,0.613516666977481,0.742238725349118,0.2,"MCAR",7,"Mean"
"MICE16",0.657385252696505,0.59589301811238,0.735216147300294,0.2,"MCAR",7,"MICE"
"mForest16",0.659823327504884,0.598109624710845,0.738269299176031,0.2,"MCAR",7,"mForest"
"CC17",0.642479112801617,0.532102510976271,0.725880398145919,0.2,"MCAR",8,"CC"
"Mean17",0.663538506081325,0.658918796026655,0.741225468149359,0.2,"MCAR",8,"Mean"
"MICE17",0.655018566327258,0.598811338201423,0.735190585284095,0.2,"MCAR",8,"MICE"
"mForest17",0.660847331147415,0.658614470988671,0.742706239197563,0.2,"MCAR",8,"mForest"
"CC18",0.679831073671424,0.673075570624373,0.727260152275334,0.2,"MCAR",9,"CC"
"Mean18",0.673677892415628,0.66047207085628,0.719815243462627,0.2,"MCAR",9,"Mean"
"MICE18",0.660140130555065,0.650256231201627,0.714947578734117,0.2,"MCAR",9,"MICE"
"mForest18",0.674143540506627,0.663087921811915,0.725970402492288,0.2,"MCAR",9,"mForest"
"CC19",0.662769134050814,0.601483514977245,0.738078970065013,0.2,"MCAR",10,"CC"
"Mean19",0.663302274291144,0.660307030246114,0.738775331270681,0.2,"MCAR",10,"Mean"
"MICE19",0.667657696749433,0.596100147611087,0.734798438556705,0.2,"MCAR",10,"MICE"
"mForest19",0.665174212280272,0.660406550408137,0.736193795463397,0.2,"MCAR",10,"mForest"
"CC20",0.679619605630523,0.594866413381007,0.725056127206106,0.4,"MCAR",1,"CC"
"Mean20",0.665761906948734,0.576138979501869,0.727989965873126,0.4,"MCAR",1,"Mean"
"MICE20",0.652029145386264,0.571660772733274,0.709598479594228,0.4,"MCAR",1,"MICE"
"mForest20",0.664535858835347,0.57759417651865,0.722597524430533,0.4,"MCAR",1,"mForest"
"CC21",0.651474385670554,0.552395131379616,0.752551068311605,0.4,"MCAR",2,"CC"
"Mean21",0.660008445774116,0.654430433206932,0.727739485693631,0.4,"MCAR",2,"Mean"
"MICE21",0.642323158854926,0.640875724579712,0.71680895658147,0.4,"MCAR",2,"MICE"
"mForest21",0.657575237718156,0.654138912081543,0.719750787086962,0.4,"MCAR",2,"mForest"
"CC22",0.637025977114145,0.504437208708421,0.753362536517121,0.4,"MCAR",3,"CC"
"Mean22",0.655711939680458,0.648172738686969,0.738622483845342,0.4,"MCAR",3,"Mean"
"MICE22",0.643585028682634,0.584947336647268,0.723962435084646,0.4,"MCAR",3,"MICE"
"mForest22",0.65601130633393,0.59138815722111,0.726534660381305,0.4,"MCAR",3,"mForest"
"CC23",0.667251813532094,0.67100407592341,0.73517701605217,0.4,"MCAR",4,"CC"
"Mean23",0.668234647353594,0.603080007564702,0.734892819307782,0.4,"MCAR",4,"Mean"
"MICE23",0.658983747702441,0.646171575921638,0.727129295744959,0.4,"MCAR",4,"MICE"
"mForest23",0.663610000345471,0.595698049630506,0.735612129066247,0.4,"MCAR",4,"mForest"
"CC24",0.575479859807638,0.5,0.714134918311599,0.4,"MCAR",5,"CC"
"Mean24",0.638706331631771,0.636363706940536,0.738885031306137,0.4,"MCAR",5,"Mean"
"MICE24",0.62966273097394,0.638019898432827,0.729804622923537,0.4,"MCAR",5,"MICE"
"mForest24",0.642110878702464,0.579806725192311,0.740500768564943,0.4,"MCAR",5,"mForest"
"CC25",0.663616335460762,0.585916199514118,0.741915635168002,0.4,"MCAR",6,"CC"
"Mean25",0.661309808400633,0.57131113702521,0.716235604377068,0.4,"MCAR",6,"Mean"
"MICE25",0.647598348828444,0.568036924209583,0.7048578404958,0.4,"MCAR",6,"MICE"
"mForest25",0.659725066559918,0.570927126293952,0.712816093950672,0.4,"MCAR",6,"mForest"
"CC26",0.647758673866609,0.648859664541465,0.748778535294472,0.4,"MCAR",7,"CC"
"Mean26",0.639826778303855,0.582910144259108,0.719698448673736,0.4,"MCAR",7,"Mean"
"MICE26",0.624813340002235,0.561898102655833,0.710188626061211,0.4,"MCAR",7,"MICE"
"mForest26",0.638941090798036,0.637781665285868,0.719058004294712,0.4,"MCAR",7,"mForest"
"CC27",0.677727989799758,0.616309990226581,0.764829195026639,0.4,"MCAR",8,"CC"
"Mean27",0.645876780936336,0.582724873584585,0.707205700362698,0.4,"MCAR",8,"Mean"
"MICE27",0.63336453262314,0.549151382212473,0.698880322326447,0.4,"MCAR",8,"MICE"
"mForest27",0.641464848974178,0.530638176923977,0.704132111183065,0.4,"MCAR",8,"mForest"
"CC28",0.683453223272482,0.607697106500764,0.713559570295047,0.4,"MCAR",9,"CC"
"Mean28",0.652487078474167,0.59245185629234,0.713206919636937,0.4,"MCAR",9,"Mean"
"MICE28",0.644517758227756,0.65010030933861,0.700583043575031,0.4,"MCAR",9,"MICE"
"mForest28",0.656001882937585,0.599343281845071,0.713927634303688,0.4,"MCAR",9,"mForest"
"CC29",0.666066668064611,0.600978588400407,0.728892341915687,0.4,"MCAR",10,"CC"
"Mean29",0.654274278128504,0.575725795522445,0.731399592668581,0.4,"MCAR",10,"Mean"
"MICE29",0.65092080240732,0.645570499430822,0.728702730274855,0.4,"MCAR",10,"MICE"
"mForest29",0.657715822456957,0.650361854521434,0.717743841183669,0.4,"MCAR",10,"mForest"
"CC30",0.674557239714446,0.544291451520367,0.711148840278339,0.6,"MCAR",1,"CC"
"Mean30",0.650219359080558,0.589990937959145,0.705297313118853,0.6,"MCAR",1,"Mean"
"MICE30",0.650184052667286,0.652249206535678,0.720357163480279,0.6,"MCAR",1,"MICE"
"mForest30",0.649927194445788,0.596589766610469,0.698471371559461,0.6,"MCAR",1,"mForest"
"CC31",0.623743709860819,0.5,0.723381586598308,0.6,"MCAR",2,"CC"
"Mean31",0.640600981636751,0.635335019829095,0.721776598593784,0.6,"MCAR",2,"Mean"
"MICE31",0.634777919069735,0.5,0.725644158109083,0.6,"MCAR",2,"MICE"
"mForest31",0.635870773742856,0.530564829457818,0.722278120250853,0.6,"MCAR",2,"mForest"
"CC32",0.673636241469934,0.536893482629917,0.728579362978896,0.6,"MCAR",3,"CC"
"Mean32",0.641091207439582,0.641832234549402,0.710504526293911,0.6,"MCAR",3,"Mean"
"MICE32",0.635266307031076,0.591113180959097,0.701445385130327,0.6,"MCAR",3,"MICE"
"mForest32",0.637126033666074,0.644137588194856,0.709650856814902,0.6,"MCAR",3,"mForest"
"CC33",0.642330455910939,0.5,0.703534051085265,0.6,"MCAR",4,"CC"
"Mean33",0.646072782725916,0.587540004385521,0.721807507723178,0.6,"MCAR",4,"Mean"
"MICE33",0.64701103839655,0.584257450389124,0.713525714927339,0.6,"MCAR",4,"MICE"
"mForest33",0.633457672491163,0.582156823602941,0.708269940514363,0.6,"MCAR",4,"mForest"
"CC34",0.608744692508148,0.536405999708752,0.71887442003271,0.6,"MCAR",5,"CC"
"Mean34",0.614137007725402,0.579977082042883,0.701382028600617,0.6,"MCAR",5,"Mean"
"MICE34",0.614577558216308,0.5,0.698988521787742,0.6,"MCAR",5,"MICE"
"mForest34",0.613921956069852,0.635139189638652,0.70643252821454,0.6,"MCAR",5,"mForest"
"CC35",0.678382541511122,0.557333691949077,0.7408227178979,0.6,"MCAR",6,"CC"
"Mean35",0.658624445394935,0.589696201581338,0.724839021224038,0.6,"MCAR",6,"Mean"
"MICE35",0.653089986930289,0.598333181172303,0.718737000409353,0.6,"MCAR",6,"MICE"
"mForest35",0.655708852311794,0.591279958304534,0.718069381924614,0.6,"MCAR",6,"mForest"
"CC36",0.619504678315181,0.56194885361552,0.71948311142851,0.6,"MCAR",7,"CC"
"Mean36",0.628883509883706,0.635882147740373,0.705754507842498,0.6,"MCAR",7,"Mean"
"MICE36",0.618544224741358,0.53574615213027,0.685703634512577,0.6,"MCAR",7,"MICE"
"mForest36",0.629473472559373,0.575378339977819,0.692228149335535,0.6,"MCAR",7,"mForest"
"CC37",0.643230580071485,0.5,0.67886764467302,0.6,"MCAR",8,"CC"
"Mean37",0.657700187255677,0.589553312134189,0.706934406059646,0.6,"MCAR",8,"Mean"
"MICE37",0.640909792056991,0.540156086571727,0.687904579248702,0.6,"MCAR",8,"MICE"
"mForest37",0.657417508896616,0.649029236176313,0.713870541503546,0.6,"MCAR",8,"mForest"
"CC38",0.685074791903722,0.5,0.779329593343315,0.6,"MCAR",9,"CC"
"Mean38",0.650078203695936,0.580955897307765,0.715177132819503,0.6,"MCAR",9,"Mean"
"MICE38",0.625264370371961,0.574574225816376,0.699795303927175,0.6,"MCAR",9,"MICE"
"mForest38",0.64494183211091,0.643952230212738,0.712915477183412,0.6,"MCAR",9,"mForest"
"CC39",0.671504247694546,0.529299968324359,0.761934258416677,0.6,"MCAR",10,"CC"
"Mean39",0.661118496264006,0.653020634395418,0.719966919194209,0.6,"MCAR",10,"Mean"
"MICE39",0.640786208580497,0.643530074125275,0.710892527248603,0.6,"MCAR",10,"MICE"
"mForest39",0.651286655782429,0.587607173145854,0.712710180969267,0.6,"MCAR",10,"mForest"
"CC40",0.669238645708855,0.660870500750696,0.739143603755064,0,"MAR",1,"CC"
"Mean40",0.669768863630433,0.66160968967872,0.741006627937905,0,"MAR",1,"Mean"
"MICE40",0.669934072168093,0.66160968967872,0.737946044717934,0,"MAR",1,"MICE"
"mForest40",0.669894175137739,0.603532661368482,0.740862141499649,0,"MAR",1,"mForest"
"CC41",0.672342770564954,0.662028008575231,0.747608044939438,0,"MAR",2,"CC"
"Mean41",0.672342770564954,0.662028008575231,0.74652984934743,0,"MAR",2,"Mean"
"MICE41",0.672342770564954,0.662028008575231,0.748043421319056,0,"MAR",2,"MICE"
"mForest41",0.672342770564954,0.662028008575231,0.742832703477023,0,"MAR",2,"mForest"
"CC42",0.651045694177287,0.663473876798172,0.737250281354141,0,"MAR",3,"CC"
"Mean42",0.651045694177287,0.663473876798172,0.736719305256439,0,"MAR",3,"Mean"
"MICE42",0.651045694177287,0.659595575226791,0.740088269385648,0,"MAR",3,"MICE"
"mForest42",0.651045694177287,0.663540744066644,0.735415342118747,0,"MAR",3,"mForest"
"CC43",0.666644864742176,0.595011966045457,0.742030204999785,0,"MAR",4,"CC"
"Mean43",0.666644864742176,0.5942837614845,0.740467084433979,0,"MAR",4,"Mean"
"MICE43",0.666644864742176,0.5942837614845,0.742661246051068,0,"MAR",4,"MICE"
"mForest43",0.666644864742176,0.660420727053928,0.742866897617081,0,"MAR",4,"mForest"
"CC44",0.651180099800165,0.661813689348488,0.727694559749114,0,"MAR",5,"CC"
"Mean44",0.650057147150567,0.660238406489903,0.731788281464258,0,"MAR",5,"Mean"
"MICE44",0.650512347509639,0.660238406489903,0.73045644866683,0,"MAR",5,"MICE"
"mForest44",0.649909192394069,0.660238406489903,0.732976248178125,0,"MAR",5,"mForest"
"CC45",0.634650704594438,0.661620170863212,0.734807603751665,0,"MAR",6,"CC"
"Mean45",0.634650704594438,0.656496403027579,0.735612282294428,0,"MAR",6,"Mean"
"MICE45",0.634650704594438,0.656496403027579,0.736488349509193,0,"MAR",6,"MICE"
"mForest45",0.634650704594438,0.661620170863212,0.736618015861814,0,"MAR",6,"mForest"
"CC46",0.675211357588607,0.665505183527683,0.75205734300742,0,"MAR",7,"CC"
"Mean46",0.675211357588607,0.592022271476182,0.754440951747422,0,"MAR",7,"Mean"
"MICE46",0.675211357588607,0.665505183527683,0.750996602299516,0,"MAR",7,"MICE"
"mForest46",0.675211357588607,0.665780144305336,0.750461776272643,0,"MAR",7,"mForest"
"CC47",0.66946453990252,0.665624540523827,0.742547847502773,0,"MAR",8,"CC"
"Mean47",0.670356284436577,0.664748787654636,0.742668022157859,0,"MAR",8,"Mean"
"MICE47",0.668267544842351,0.663278583720873,0.740942333797063,0,"MAR",8,"MICE"
"mForest47",0.670471996478895,0.664980211739271,0.742588581716243,0,"MAR",8,"mForest"
"CC48",0.663489376218507,0.589911112743993,0.734145591666247,0,"MAR",9,"CC"
"Mean48",0.661184121028535,0.587850784124539,0.72878557476494,0,"MAR",9,"Mean"
"MICE48",0.661275542036574,0.587850784124539,0.735055373671928,0,"MAR",9,"MICE"
"mForest48",0.661165872187337,0.661685595614009,0.731302945676262,0,"MAR",9,"mForest"
"CC49",0.662400728025585,0.594820156852341,0.738354162032369,0,"MAR",10,"CC"
"Mean49",0.662400728025585,0.663656369521418,0.739978571921361,0,"MAR",10,"Mean"
"MICE49",0.662400728025585,0.663656369521418,0.734361013972789,0,"MAR",10,"MICE"
"mForest49",0.662400728025585,0.663656369521418,0.737155764948235,0,"MAR",10,"mForest"
"CC50",0.663519694407392,0.64101714706052,0.737353288217386,0.2,"MAR",1,"CC"
"Mean50",0.658820276704075,0.649063186734065,0.730682529511938,0.2,"MAR",1,"Mean"
"MICE50",0.657783342401491,0.595002643979987,0.731256890747376,0.2,"MAR",1,"MICE"
"mForest50",0.66167081797162,0.652886995182493,0.728973427594325,0.2,"MAR",1,"mForest"
"CC51",0.66490201955894,0.652732911739858,0.729506857610736,0.2,"MAR",2,"CC"
"Mean51",0.642478067466408,0.58166104333599,0.724243308637347,0.2,"MAR",2,"Mean"
"MICE51",0.635826457205809,0.635952197273146,0.722153350170401,0.2,"MAR",2,"MICE"
"mForest51",0.646812802318362,0.58404625832011,0.72972073733098,0.2,"MAR",2,"mForest"
"CC52",0.649539997751347,0.65190490437324,0.755604971804015,0.2,"MAR",3,"CC"
"Mean52",0.659511556720342,0.648166814302086,0.746273857280254,0.2,"MAR",3,"Mean"
"MICE52",0.663948404112317,0.65588153993913,0.74267892893073,0.2,"MAR",3,"MICE"
"mForest52",0.658213322579445,0.648574670027902,0.741259129644323,0.2,"MAR",3,"mForest"
"CC53",0.676208965622008,0.659788890480146,0.737838228267211,0.2,"MAR",4,"CC"
"Mean53",0.662361135497613,0.64710450498545,0.731566307667403,0.2,"MAR",4,"Mean"
"MICE53",0.650035614683729,0.538807413082339,0.723259957564196,0.2,"MAR",4,"MICE"
"mForest53",0.662692931347522,0.6477519516836,0.729304844767706,0.2,"MAR",4,"mForest"
"CC54",0.661380561032717,0.662215323744451,0.736612433199436,0.2,"MAR",5,"CC"
"Mean54",0.651890136680707,0.528546975732271,0.731206096574403,0.2,"MAR",5,"Mean"
"MICE54",0.647719701434453,0.652423454082823,0.726094870309517,0.2,"MAR",5,"MICE"
"mForest54",0.65306964797016,0.584184956714892,0.731561940227001,0.2,"MAR",5,"mForest"
"CC55",0.657232696930095,0.593162356024575,0.710246859621081,0.2,"MAR",6,"CC"
"Mean55",0.656949281544421,0.654060823288514,0.728128025482354,0.2,"MAR",6,"Mean"
"MICE55",0.653674024224506,0.593611717679787,0.727849207917465,0.2,"MAR",6,"MICE"
"mForest55",0.657024819280278,0.598797127438065,0.722863070195213,0.2,"MAR",6,"mForest"
"CC56",0.646462952479726,0.627622966446138,0.731522729887077,0.2,"MAR",7,"CC"
"Mean56",0.650154530939417,0.659726094910179,0.746814723653217,0.2,"MAR",7,"Mean"
"MICE56",0.651141309723773,0.657831910227265,0.745961804954041,0.2,"MAR",7,"MICE"
"mForest56",0.644839635841085,0.654382698520726,0.742502060562351,0.2,"MAR",7,"mForest"
"CC57",0.651056671978629,0.659393036387614,0.722304086231398,0.2,"MAR",8,"CC"
"Mean57",0.659201874480962,0.657607036383044,0.725906220091201,0.2,"MAR",8,"Mean"
"MICE57",0.661732915888144,0.659110102301322,0.729342104241074,0.2,"MAR",8,"MICE"
"mForest57",0.654305872441756,0.657357995508625,0.72526007334954,0.2,"MAR",8,"mForest"
"CC58",0.673993466234465,0.662660318842267,0.756936746173925,0.2,"MAR",9,"CC"
"Mean58",0.657323974517918,0.658150944829804,0.731280755270315,0.2,"MAR",9,"Mean"
"MICE58",0.653018426966857,0.659978840925032,0.733774418031403,0.2,"MAR",9,"MICE"
"mForest58",0.659159817513689,0.65809365871249,0.737683964874243,0.2,"MAR",9,"mForest"
"CC59",0.659613627111498,0.594074358300317,0.726258956782606,0.2,"MAR",10,"CC"
"Mean59",0.657873799545294,0.590727914073748,0.718002702882741,0.2,"MAR",10,"Mean"
"MICE59",0.642905761552887,0.646174090570877,0.717143858815254,0.2,"MAR",10,"MICE"
"mForest59",0.656340492636827,0.589559758463808,0.712962216391625,0.2,"MAR",10,"mForest"
"CC60",0.678036092362904,0.653914193700505,0.754312911838754,0.4,"MAR",1,"CC"
"Mean60",0.668596985118536,0.650633913744025,0.712224735537199,0.4,"MAR",1,"Mean"
"MICE60",0.660213889795065,0.644238012282464,0.706919618712435,0.4,"MAR",1,"MICE"
"mForest60",0.666706076974074,0.591038092737915,0.711424494265947,0.4,"MAR",1,"mForest"
"CC61",0.684748192823972,0.606193147724865,0.753688637614331,0.4,"MAR",2,"CC"
"Mean61",0.648340808403016,0.581479574965334,0.728653105298662,0.4,"MAR",2,"Mean"
"MICE61",0.630506699565476,0.583573547148781,0.71661929948169,0.4,"MAR",2,"MICE"
"mForest61",0.652828382012607,0.645731734855483,0.73847155966137,0.4,"MAR",2,"mForest"
"CC62",0.658783027859495,0.575736489696045,0.719867984828034,0.4,"MAR",3,"CC"
"Mean62",0.64818124121117,0.58693859669223,0.737636092705159,0.4,"MAR",3,"Mean"
"MICE62",0.652357545085369,0.522246609837851,0.731299561957434,0.4,"MAR",3,"MICE"
"mForest62",0.647266848394061,0.58859842280762,0.742594163155373,0.4,"MAR",3,"mForest"
"CC63",0.66286450431113,0.535202547320007,0.695757939817568,0.4,"MAR",4,"CC"
"Mean63",0.661397386195181,0.65272333134043,0.72174076729485,0.4,"MAR",4,"Mean"
"MICE63",0.655511031417928,0.649229782953711,0.712528244616637,0.4,"MAR",4,"MICE"
"mForest63",0.657987582597924,0.652666506607512,0.720536796864993,0.4,"MAR",4,"mForest"
"CC64",0.653663711502796,0.645682944199889,0.737912546318584,0.4,"MAR",5,"CC"
"Mean64",0.658076116165026,0.648128350283308,0.734821016367305,0.4,"MAR",5,"Mean"
"MICE64",0.645995908736838,0.591040079436487,0.715020383338755,0.4,"MAR",5,"MICE"
"mForest64",0.655657152634697,0.596559623128032,0.729360962281104,0.4,"MAR",5,"mForest"
"CC65",0.674506328405644,0.670658067148382,0.695061042471947,0.4,"MAR",6,"CC"
"Mean65",0.649397959223953,0.644425846554827,0.725543927773259,0.4,"MAR",6,"Mean"
"MICE65",0.646710568240082,0.551136562642289,0.710781862582433,0.4,"MAR",6,"MICE"
"mForest65",0.649905492438384,0.643241944211074,0.722335718718141,0.4,"MAR",6,"mForest"
"CC66",0.649992034594099,0.516486180701471,0.721719337868119,0.4,"MAR",7,"CC"
"Mean66",0.64903773184653,0.638258718792662,0.698556559385864,0.4,"MAR",7,"Mean"
"MICE66",0.646565544828719,0.643006626374187,0.696535912807517,0.4,"MAR",7,"MICE"
"mForest66",0.647655112652362,0.579885534809099,0.69764650293719,0.4,"MAR",7,"mForest"
"CC67",0.64037216173954,0.589592257780332,0.718555164184866,0.4,"MAR",8,"CC"
"Mean67",0.650764964560966,0.649090784130952,0.713558197660599,0.4,"MAR",8,"Mean"
"MICE67",0.655032678592492,0.662942389380076,0.723653766592621,0.4,"MAR",8,"MICE"
"mForest67",0.649760001928203,0.541343259939807,0.701571197906305,0.4,"MAR",8,"mForest"
"CC68",0.669728839425308,0.613552069145903,0.752090952188862,0.4,"MAR",9,"CC"
"Mean68",0.645979673703867,0.651036014542823,0.726092808310754,0.4,"MAR",9,"Mean"
"MICE68",0.640450967826135,0.595346352806669,0.718061387367885,0.4,"MAR",9,"MICE"
"mForest68",0.643784282950756,0.651824371438548,0.719636242012915,0.4,"MAR",9,"mForest"
"CC69",0.674220529932622,0.578990983384161,0.721263957733366,0.4,"MAR",10,"CC"
"Mean69",0.669167076525962,0.654180156126432,0.744026904393827,0.4,"MAR",10,"Mean"
"MICE69",0.661171849059367,0.549336313151835,0.732102616010024,0.4,"MAR",10,"MICE"
"mForest69",0.666474088049782,0.592475640154793,0.742247747037559,0.4,"MAR",10,"mForest"
"CC70",0.714526647103409,0.605930564016417,0.709157351057496,0.6,"MAR",1,"CC"
"Mean70",0.662961318154437,0.644402573601774,0.718023611851024,0.6,"MAR",1,"Mean"
"MICE70",0.650078354942269,0.541796066252588,0.710008368591816,0.6,"MAR",1,"MICE"
"mForest70",0.654259717830239,0.650044481205373,0.717045158662941,0.6,"MAR",1,"mForest"
"CC71",0.663189182552892,0.619003324814352,0.743614099562006,0.6,"MAR",2,"CC"
"Mean71",0.647340872325336,0.640932843226423,0.709565328803754,0.6,"MAR",2,"Mean"
"MICE71",0.627483267519741,0.576076885681671,0.700939507454924,0.6,"MAR",2,"MICE"
"mForest71",0.641628055376199,0.588991529458933,0.707024146833034,0.6,"MAR",2,"mForest"
"CC72",0.630613654073218,0.5,0.713452131758588,0.6,"MAR",3,"CC"
"Mean72",0.650903561701223,0.643019787096659,0.6980336944061,0.6,"MAR",3,"Mean"
"MICE72",0.639173151395784,0.636092981140559,0.701461612825235,0.6,"MAR",3,"MICE"
"mForest72",0.645083283788692,0.589492689719797,0.696199247313229,0.6,"MAR",3,"mForest"
"CC73",0.662487698715527,0.546065259117082,0.698234267845534,0.6,"MAR",4,"CC"
"Mean73",0.645529090465074,0.578197486251556,0.729107597148409,0.6,"MAR",4,"Mean"
"MICE73",0.637359128025576,0.5,0.712620495278406,0.6,"MAR",4,"MICE"
"mForest73",0.643499952724847,0.636788211679353,0.718548090836249,0.6,"MAR",4,"mForest"
"CC74",0.684626680052488,0.596876170354196,0.689250095570509,0.6,"MAR",5,"CC"
"Mean74",0.648995194295622,0.540703474919867,0.718537987436008,0.6,"MAR",5,"Mean"
"MICE74",0.638897381002706,0.582277258160977,0.709901419884458,0.6,"MAR",5,"MICE"
"mForest74",0.649893205849196,0.596618842060175,0.712527833064035,0.6,"MAR",5,"mForest"
"CC75",0.663410265760274,0.543087121212121,0.707232263610669,0.6,"MAR",6,"CC"
"Mean75",0.652854660413024,0.584740549542567,0.720694155042549,0.6,"MAR",6,"Mean"
"MICE75",0.640771418411777,0.552241468794602,0.701559438546178,0.6,"MAR",6,"MICE"
"mForest75",0.655423130843575,0.590750256176859,0.726718728547415,0.6,"MAR",6,"mForest"
"CC76",0.695488312483933,0.59609771573604,0.71261909539771,0.6,"MAR",7,"CC"
"Mean76",0.662615813509546,0.587861069192246,0.718170521155156,0.6,"MAR",7,"Mean"
"MICE76",0.658735565126042,0.594483238491507,0.699552532092107,0.6,"MAR",7,"MICE"
"mForest76",0.65865099263688,0.599334685846704,0.715993710391904,0.6,"MAR",7,"mForest"
"CC77",0.621708461548398,0.550289372544448,0.705468254627087,0.6,"MAR",8,"CC"
"Mean77",0.645057004117085,0.593120981392673,0.714036187302014,0.6,"MAR",8,"Mean"
"MICE77",0.641666796623315,0.536000418913966,0.709398933741289,0.6,"MAR",8,"MICE"
"mForest77",0.647788797451647,0.597626393831376,0.7158010538622,0.6,"MAR",8,"mForest"
"CC78",0.685849277203396,0.611288164754206,0.724642345884136,0.6,"MAR",9,"CC"
"Mean78",0.651181849947105,0.642474704545793,0.723529161814435,0.6,"MAR",9,"Mean"
"MICE78",0.645620457926368,0.598345473035435,0.706957357633064,0.6,"MAR",9,"MICE"
"mForest78",0.645797158590528,0.647985663125541,0.714991551493226,0.6,"MAR",9,"mForest"
"CC79",0.702439432825009,0.56559934827543,0.721016209430311,0.6,"MAR",10,"CC"
"Mean79",0.647690776236,0.645389539766119,0.727621313388377,0.6,"MAR",10,"Mean"
"MICE79",0.626445930197091,0.634869348756758,0.712781676081949,0.6,"MAR",10,"MICE"
"mForest79",0.63005808575268,0.541204437400951,0.713261790298995,0.6,"MAR",10,"mForest"
"CC80",0.670537099928386,0.661946620906472,0.746969122520192,0,"MNAR",1,"CC"
"Mean80",0.667725411622031,0.659596813714471,0.746100345051888,0,"MNAR",1,"Mean"
"MICE80",0.667741024896436,0.599586345250719,0.746893892729564,0,"MNAR",1,"MICE"
"mForest80",0.667670475809517,0.659780011830148,0.748440120387107,0,"MNAR",1,"mForest"
"CC81",0.671440825026311,0.588450640781642,0.735525409755066,0,"MNAR",2,"CC"
"Mean81",0.671440825026311,0.663476965807967,0.739646422314946,0,"MNAR",2,"Mean"
"MICE81",0.671440825026311,0.665710283062146,0.741923308995115,0,"MNAR",2,"MICE"
"mForest81",0.671440825026311,0.663468380495719,0.737901140254516,0,"MNAR",2,"mForest"
"CC82",0.667595621987595,0.662225505218327,0.752156413339265,0,"MNAR",3,"CC"
"Mean82",0.667761364958881,0.662219122301881,0.749029100503294,0,"MNAR",3,"Mean"
"MICE82",0.667885796932414,0.604043238902539,0.749799576858777,0,"MNAR",3,"MICE"
"mForest82",0.667761364958881,0.662219122301881,0.749419261422202,0,"MNAR",3,"mForest"
"CC83",0.668408484091134,0.596975510206893,0.72986886304681,0,"MNAR",4,"CC"
"Mean83",0.668408484091134,0.661469705049398,0.733525418664672,0,"MNAR",4,"Mean"
"MICE83",0.668408484091134,0.661469705049398,0.73191703838066,0,"MNAR",4,"MICE"
"mForest83",0.668408484091134,0.661469705049398,0.731921993192176,0,"MNAR",4,"mForest"
"CC84",0.670212001637894,0.661538496981819,0.748387793520694,0,"MNAR",5,"CC"
"Mean84",0.669686114611951,0.66126395249087,0.744346718686928,0,"MNAR",5,"Mean"
"MICE84",0.669796082516168,0.611733928763912,0.745814372753175,0,"MNAR",5,"MICE"
"mForest84",0.66975677194058,0.661563313210881,0.748622230659271,0,"MNAR",5,"mForest"
"CC85",0.666470586661561,0.659104553190491,0.750964440288551,0,"MNAR",6,"CC"
"Mean85",0.666796943895638,0.592216146424934,0.749037278477164,0,"MNAR",6,"Mean"
"MICE85",0.666693900481913,0.594166956831687,0.750170127746532,0,"MNAR",6,"MICE"
"mForest85",0.666869922656378,0.662543075030114,0.750056651181798,0,"MNAR",6,"mForest"
"CC86",0.635442906318589,0.662245623571795,0.724429882142682,0,"MNAR",7,"CC"
"Mean86",0.635442906318589,0.650947249893517,0.726156079394703,0,"MNAR",7,"Mean"
"MICE86",0.635442906318589,0.646799946281379,0.7266321620579,0,"MNAR",7,"MICE"
"mForest86",0.635442906318589,0.662551642527484,0.724852687069805,0,"MNAR",7,"mForest"
"CC87",0.659917596685357,0.661371120542215,0.738569205059204,0,"MNAR",8,"CC"
"Mean87",0.659917596685357,0.663014776032025,0.739421683343344,0,"MNAR",8,"Mean"
"MICE87",0.659917596685357,0.663043781717139,0.739267299800589,0,"MNAR",8,"MICE"
"mForest87",0.659917596685357,0.663043781717139,0.737509289992281,0,"MNAR",8,"mForest"
"CC88",0.668926558268841,0.661087118502633,0.739230309749614,0,"MNAR",9,"CC"
"Mean88",0.671048476610759,0.663131473534613,0.745530431930941,0,"MNAR",9,"Mean"
"MICE88",0.67090410299283,0.663131473534613,0.740047043826589,0,"MNAR",9,"MICE"
"mForest88",0.671100741706866,0.663131473534613,0.741589353162939,0,"MNAR",9,"mForest"
"CC89",0.657539548323593,0.662286255503399,0.735201899668078,0,"MNAR",10,"CC"
"Mean89",0.656812394586207,0.662406342962596,0.737797585209633,0,"MNAR",10,"Mean"
"MICE89",0.656874677446774,0.613579988937264,0.733855280870084,0,"MNAR",10,"MICE"
"mForest89",0.657049478640439,0.589751850287256,0.731504447937217,0,"MNAR",10,"mForest"
"CC90",0.681994056331084,0.661509359396478,0.746216093142689,0.2,"MNAR",1,"CC"
"Mean90",0.669900090639551,0.651991748162578,0.729381338590513,0.2,"MNAR",1,"Mean"
"MICE90",0.668687845549279,0.655573328611664,0.731654325985738,0.2,"MNAR",1,"MICE"
"mForest90",0.66864549518348,0.648523265465392,0.724817418888759,0.2,"MNAR",1,"mForest"
"CC91",0.658654417852872,0.664856665104238,0.736834008813154,0.2,"MNAR",2,"CC"
"Mean91",0.662788051687387,0.659463021820642,0.725079634492292,0.2,"MNAR",2,"Mean"
"MICE91",0.662808315627141,0.665523136774244,0.728798460656847,0.2,"MNAR",2,"MICE"
"mForest91",0.662439346136985,0.659921405080583,0.724533113463603,0.2,"MNAR",2,"mForest"
"CC92",0.690662537180657,0.677549963097675,0.770251539881065,0.2,"MNAR",3,"CC"
"Mean92",0.662520579134441,0.643262365013972,0.728948747099694,0.2,"MNAR",3,"Mean"
"MICE92",0.647709790022876,0.63469052752034,0.723801556774878,0.2,"MNAR",3,"MICE"
"mForest92",0.663644143366888,0.64884853676342,0.730521212932253,0.2,"MNAR",3,"mForest"
"CC93",0.670449586418325,0.55726197044939,0.73950039013024,0.2,"MNAR",4,"CC"
"Mean93",0.658946311905445,0.655971320703625,0.737509125397638,0.2,"MNAR",4,"Mean"
"MICE93",0.658993451245149,0.65815147864945,0.74245321579271,0.2,"MNAR",4,"MICE"
"mForest93",0.656521334385108,0.655067121892134,0.732817274570763,0.2,"MNAR",4,"mForest"
"CC94",0.660838007969408,0.597963666349981,0.754437054916859,0.2,"MNAR",5,"CC"
"Mean94",0.65859097559581,0.59574981415863,0.734148015841277,0.2,"MNAR",5,"Mean"
"MICE94",0.656303822356816,0.595421581257431,0.736984054212885,0.2,"MNAR",5,"MICE"
"mForest94",0.657959483090883,0.602458154575198,0.732808142980849,0.2,"MNAR",5,"mForest"
"CC95",0.653638370654227,0.658087614373245,0.719320613264554,0.2,"MNAR",6,"CC"
"Mean95",0.647607375227786,0.645301095569658,0.732018378539756,0.2,"MNAR",6,"Mean"
"MICE95",0.660880894975257,0.66113461968922,0.738183665050675,0.2,"MNAR",6,"MICE"
"mForest95",0.646197003115678,0.650616331074979,0.736677880264017,0.2,"MNAR",6,"mForest"
"CC96",0.660904238004695,0.658673658873294,0.736418072852844,0.2,"MNAR",7,"CC"
"Mean96",0.666912923520831,0.65364735604734,0.736301548757819,0.2,"MNAR",7,"Mean"
"MICE96",0.66439975876771,0.653763823141272,0.727868660557815,0.2,"MNAR",7,"MICE"
"mForest96",0.660825165052797,0.651636352168939,0.72831429463528,0.2,"MNAR",7,"mForest"
"CC97",0.638018081967723,0.588132135383897,0.722336745188619,0.2,"MNAR",8,"CC"
"Mean97",0.65170737043969,0.583511563097364,0.720930006486968,0.2,"MNAR",8,"Mean"
"MICE97",0.64214559344341,0.633700652512821,0.709828438780371,0.2,"MNAR",8,"MICE"
"mForest97",0.653289558960784,0.642254173664103,0.719164361876357,0.2,"MNAR",8,"mForest"
"CC98",0.670380326209514,0.604975125820658,0.764794513073796,0.2,"MNAR",9,"CC"
"Mean98",0.66075863614203,0.65157321601481,0.730529547803384,0.2,"MNAR",9,"Mean"
"MICE98",0.658677645898735,0.651776864389297,0.731028109604887,0.2,"MNAR",9,"MICE"
"mForest98",0.658348597793917,0.65088345449566,0.736362966163609,0.2,"MNAR",9,"mForest"
"CC99",0.672236298345233,0.575391766458937,0.734144181749301,0.2,"MNAR",10,"CC"
"Mean99",0.65323910184038,0.569631082908993,0.716528392626427,0.2,"MNAR",10,"Mean"
"MICE99",0.648352000140064,0.572339610495272,0.713544500410886,0.2,"MNAR",10,"MICE"
"mForest99",0.655932925092749,0.660489283480539,0.718111199114923,0.2,"MNAR",10,"mForest"
"CC100",0.620175970250794,0.5,0.715203238171043,0.4,"MNAR",1,"CC"
"Mean100",0.630626022283512,0.591641122191459,0.733243354479442,0.4,"MNAR",1,"Mean"
"MICE100",0.632966630835959,0.597053189984169,0.721725543229089,0.4,"MNAR",1,"MICE"
"mForest100",0.629079357989478,0.54244852587394,0.729833353686818,0.4,"MNAR",1,"mForest"
"CC101",0.680720289445527,0.605468580482221,0.759487523392096,0.4,"MNAR",2,"CC"
"Mean101",0.667775535120655,0.657501533559991,0.724999393863728,0.4,"MNAR",2,"Mean"
"MICE101",0.660204981200514,0.59436667448928,0.719708603865231,0.4,"MNAR",2,"MICE"
"mForest101",0.668990051711336,0.594382647784262,0.724793335860529,0.4,"MNAR",2,"mForest"
"CC102",0.667612896835623,0.653767995934091,0.724367868727851,0.4,"MNAR",3,"CC"
"Mean102",0.652451716848969,0.59442486292932,0.713012717788814,0.4,"MNAR",3,"Mean"
"MICE102",0.635188677816283,0.58253043541034,0.699324438759738,0.4,"MNAR",3,"MICE"
"mForest102",0.64993808940441,0.643594768472605,0.710982906112319,0.4,"MNAR",3,"mForest"
"CC103",0.628659427397894,0.536633823946803,0.735936432108428,0.4,"MNAR",4,"CC"
"Mean103",0.655695722045834,0.582860140764547,0.725196120729161,0.4,"MNAR",4,"Mean"
"MICE103",0.645810944572096,0.577332690777048,0.717556311311662,0.4,"MNAR",4,"MICE"
"mForest103",0.649068588238778,0.579152381969037,0.720089838488756,0.4,"MNAR",4,"mForest"
"CC104",0.654000629040324,0.529615493355951,0.72444917995032,0.4,"MNAR",5,"CC"
"Mean104",0.665283577460672,0.658561188666193,0.71978744686857,0.4,"MNAR",5,"Mean"
"MICE104",0.66358565660293,0.599810517605125,0.728275911791263,0.4,"MNAR",5,"MICE"
"mForest104",0.660753987351479,0.660512499035038,0.720304223064209,0.4,"MNAR",5,"mForest"
"CC105",0.634023696420547,0.526221310424413,0.720360380259204,0.4,"MNAR",6,"CC"
"Mean105",0.632068376894855,0.586842046325566,0.729494836874345,0.4,"MNAR",6,"Mean"
"MICE105",0.617620562127464,0.534958754076632,0.721702744672143,0.4,"MNAR",6,"MICE"
"mForest105",0.624952775918736,0.535525558520379,0.723166576965519,0.4,"MNAR",6,"mForest"
"CC106",0.6611644330983,0.547682920414497,0.733111446615987,0.4,"MNAR",7,"CC"
"Mean106",0.64211152392798,0.571492596200573,0.727280965214036,0.4,"MNAR",7,"Mean"
"MICE106",0.632485398675173,0.569614853940787,0.718122228546046,0.4,"MNAR",7,"MICE"
"mForest106",0.636771426276245,0.567159011410849,0.715992664834939,0.4,"MNAR",7,"mForest"
"CC107",0.635613060212699,0.5,0.714665763788652,0.4,"MNAR",8,"CC"
"Mean107",0.65902022699767,0.645852387972488,0.700158735155243,0.4,"MNAR",8,"Mean"
"MICE107",0.656455079771533,0.646356370353829,0.706323703004278,0.4,"MNAR",8,"MICE"
"mForest107",0.65930312194427,0.65046009943689,0.707259286704963,0.4,"MNAR",8,"mForest"
"CC108",0.658841303258807,0.664655697265974,0.74564309034838,0.4,"MNAR",9,"CC"
"Mean108",0.655919551873924,0.599314288873053,0.709434029247194,0.4,"MNAR",9,"Mean"
"MICE108",0.643622016502208,0.587598674921739,0.70367168537588,0.4,"MNAR",9,"MICE"
"mForest108",0.65733383460189,0.589808064090271,0.71309758365511,0.4,"MNAR",9,"mForest"
"CC109",0.653921042868034,0.582193914436406,0.730587386507157,0.4,"MNAR",10,"CC"
"Mean109",0.654811982562594,0.643184592689294,0.720941747159662,0.4,"MNAR",10,"Mean"
"MICE109",0.64126751821651,0.637886016009093,0.71420289213315,0.4,"MNAR",10,"MICE"
"mForest109",0.65022755264272,0.638619985562949,0.728450672241107,0.4,"MNAR",10,"mForest"
"CC110",0.654508149584074,0.58797344197978,0.734397990719321,0.6,"MNAR",1,"CC"
"Mean110",0.654460636795408,0.642915506119197,0.714424269845835,0.6,"MNAR",1,"Mean"
"MICE110",0.642816543588753,0.595226228790806,0.70816169588694,0.6,"MNAR",1,"MICE"
"mForest110",0.654271068104544,0.652340338343382,0.718581221182598,0.6,"MNAR",1,"mForest"
"CC111",0.586577663954222,0.522528433945757,0.676741893562105,0.6,"MNAR",2,"CC"
"Mean111",0.610200436022319,0.559794813164909,0.70534679954465,0.6,"MNAR",2,"Mean"
"MICE111",0.613012510318124,0.559962438030072,0.697894234049739,0.6,"MNAR",2,"MICE"
"mForest111",0.600747996853604,0.520435426973094,0.709716751178494,0.6,"MNAR",2,"mForest"
"CC112",0.682670880983451,0.533360622185837,0.78436193556529,0.6,"MNAR",3,"CC"
"Mean112",0.659200239933472,0.652065327713173,0.726331673848276,0.6,"MNAR",3,"Mean"
"MICE112",0.654776729262671,0.653593530710731,0.695458773767777,0.6,"MNAR",3,"MICE"
"mForest112",0.65736097800628,0.5375066693344,0.725547528741452,0.6,"MNAR",3,"mForest"
"CC113",0.64822559042514,0.531532906113315,0.773239934719764,0.6,"MNAR",4,"CC"
"Mean113",0.624957438126768,0.623415088562719,0.704068345898013,0.6,"MNAR",4,"Mean"
"MICE113",0.60596395192353,0.577667837504612,0.673387556978998,0.6,"MNAR",4,"MICE"
"mForest113",0.616472976228018,0.575841498289587,0.695630406839925,0.6,"MNAR",4,"mForest"
"CC114",0.619266204643122,0.518310002028809,0.690954792830076,0.6,"MNAR",5,"CC"
"Mean114",0.627212037871851,0.571434584104555,0.71759724841246,0.6,"MNAR",5,"Mean"
"MICE114",0.628600579772091,0.5,0.695384767731704,0.6,"MNAR",5,"MICE"
"mForest114",0.624186672710555,0.538949000573027,0.698697750743004,0.6,"MNAR",5,"mForest"
"CC115",0.65342888577037,0.517373737373737,0.719790992320072,0.6,"MNAR",6,"CC"
"Mean115",0.631440852716139,0.57675570222641,0.728023160136581,0.6,"MNAR",6,"Mean"
"MICE115",0.609377419210198,0.534030905077263,0.703463745005415,0.6,"MNAR",6,"MICE"
"mForest115",0.627696606977903,0.547962377025088,0.715060705218427,0.6,"MNAR",6,"mForest"
"CC116",0.657624313821001,0.585449926810314,0.749179115566821,0.6,"MNAR",7,"CC"
"Mean116",0.654279586240934,0.632657030232622,0.738944742942308,0.6,"MNAR",7,"Mean"
"MICE116",0.636049678299405,0.584485513828319,0.72476183969401,0.6,"MNAR",7,"MICE"
"mForest116",0.651982488753689,0.631363781018002,0.731083390834331,0.6,"MNAR",7,"mForest"
"CC117",0.697879531736301,0.547493071302595,0.774121521846267,0.6,"MNAR",8,"CC"
"Mean117",0.648203051881067,0.532678911771155,0.720387609008582,0.6,"MNAR",8,"Mean"
"MICE117",0.637107455168956,0.570351253671117,0.683173689708963,0.6,"MNAR",8,"MICE"
"mForest117",0.646831300736679,0.577810269613018,0.714046619299437,0.6,"MNAR",8,"mForest"
"CC118",0.690716808949493,0.607260428539778,0.72243920372989,0.6,"MNAR",9,"CC"
"Mean118",0.646247985814503,0.586563171197435,0.711314251820892,0.6,"MNAR",9,"Mean"
"MICE118",0.65473173989438,0.541972822438723,0.718998048629948,0.6,"MNAR",9,"MICE"
"mForest118",0.643644719142777,0.598343289466243,0.705372807538382,0.6,"MNAR",9,"mForest"
"CC119",0.577815636976991,0.522800530906333,0.750614672767332,0.6,"MNAR",10,"CC"
"Mean119",0.632035610374397,0.57581313840728,0.712239762380568,0.6,"MNAR",10,"Mean"
"MICE119",0.624223402941311,0.565482954506993,0.689027954624749,0.6,"MNAR",10,"MICE"
"mForest119",0.629695859202019,0.579143595251025,0.70043774560608,0.6,"MNAR",10,"mForest"
